{"SAMPLE": {"TRAIN": 87564, "TEST": 37535}, "MODEL": {"ACCURACY": 0.629972026108965, "KAPPA": 0.5655568214615762}}