{"SAMPLING_PARAM": {"RANDOM_STATE": 1, "SAMPLE_COUNT": 6472, "TEST_RATIO": 0.25, "IMAGE_SIZE": 128, "BANDS_COUNT": 3}, "MODELLING_PARAM": {"NEURONS": 32, "KERNEL": 3, "PADDING": "same", "DROPOUT": 0.4, "VALIDATION_SPLIT": 0.5, "MAX_POOL": 2, "BATCH_SIZE": 128, "EPOCHS": 100, "MODEL_NAME": "unet_chm_v1_128x128_sampleCount6472_1779749888", "LEARNING_RATE": 0.0001, "WEIGHT_DECAY": 0.0001}, "METRICS": {"ACCURACY": 0.9370759980492892, "KAPPA": 0.040641610591636956, "RECALL": 0.02213994018006948, "PRECISION": 0.9986249933893913, "F1": 0.043319469329044895, "AUC": 0.5110689218519737, "IOU": 0.022139265276069593}}