{"SAMPLING_PARAM": {"RANDOM_STATE": 1, "SAMPLE_COUNT": 6472, "TEST_RATIO": 0.25, "IMAGE_SIZE": 128, "BANDS_COUNT": 3}, "MODELLING_PARAM": {"NEURONS": 16, "KERNEL": 3, "PADDING": "same", "DROPOUT": 0.4, "VALIDATION_SPLIT": 0.5, "MAX_POOL": 2, "BATCH_SIZE": 128, "EPOCHS": 100, "MODEL_NAME": "unet_chm_v1_128x128_sampleCount6472_1779734720", "LEARNING_RATE": 0.0001, "WEIGHT_DECAY": 0.001}, "METRICS": {"ACCURACY": 0.9151291440532293, "KAPPA": 0.3949347824135704, "RECALL": 0.42612199078879587, "PRECISION": 0.4565165908496517, "F1": 0.44079595559907936, "AUC": 0.691453739436898, "IOU": 0.28270575437638923}}