{"SAMPLING_PARAM": {"RANDOM_STATE": 1, "SAMPLE_COUNT": 6472, "TEST_RATIO": 0.25, "IMAGE_SIZE": 128, "BANDS_COUNT": 3}, "MODELLING_PARAM": {"NEURONS": 32, "KERNEL": 3, "PADDING": "same", "DROPOUT": 0.4, "VALIDATION_SPLIT": 0.5, "MAX_POOL": 2, "BATCH_SIZE": 128, "EPOCHS": 100, "MODEL_NAME": "unet_chm_v1_128x128_sampleCount6472_1779735638", "LEARNING_RATE": 0.0001, "WEIGHT_DECAY": 0.0001}, "METRICS": {"ACCURACY": 0.9279404912507726, "KAPPA": 0.009913118076796512, "RECALL": 0.005368231524379894, "PRECISION": 1.0, "F1": 0.010679134979708607, "AUC": 0.50268411576219, "IOU": 0.005368231524379894}}