{
  "SAMPLING_PARAM": {
    "RANDOM_STATE": 1,
    "SAMPLE_COUNT": 6472,
    "TEST_RATIO": 0.25,
    "IMAGE_SIZE": 128,
    "BANDS_COUNT": 3
  },
  "MODELLING_PARAM": {
    "NEURONS": 32,
    "KERNEL": 3,
    "PADDING": "same",
    "DROPOUT": 0.4,
    "VALIDATION_SPLIT": 0.5,
    "MAX_POOL": 2,
    "BATCH_SIZE": 128,
    "EPOCHS": 100,
    "MODEL_NAME": "unet_chm_v1_128x128_sampleCount6472_1779751763",
    "LEARNING_RATE": 0.001
  },
  "METRICS": {
    "ACCURACY": 0.9749952016861094,
    "KAPPA": 0.8261942769789559,
    "RECALL": 0.7304655484689145,
    "PRECISION": 0.9865911073554166,
    "F1": 0.8394257835399679,
    "AUC": 0.8647449835030611,
    "IOU": 0.7232848805657368
  }
}
